,Text,User,Location,Created,Favourite_count,Retweet_count
0,"RT @plataforma_sv: Hoy en #Plataforma, nuestra panelista @TahnyaPS hablar√° del caso de #Chalchuapa, espec√≠ficamente de la nota period√≠stica‚Ä¶",mamalolita,,2021-06-18 23:45:48,0,12
1,"RT @plataforma_sv: Hoy en #Plataforma, nuestra panelista @TahnyaPS hablar√° del caso de #Chalchuapa, espec√≠ficamente de la nota period√≠stica‚Ä¶",Aldo Hern√°ndez,El Salvador,2021-06-18 23:12:05,0,12
2,"RT @TigoElSalvador: Estamos comprometidos en ayudar a los ni√±os, ni√±as y adolescentesüë¶üèªüßíüèª a explorar, aprender y crecer de forma segura a t‚Ä¶",Lorena Alfaro,,2021-06-18 22:57:37,0,16
3,"RT @plataforma_sv: Hoy en #Plataforma, nuestra panelista @TahnyaPS hablar√° del caso de #Chalchuapa, espec√≠ficamente de la nota period√≠stica‚Ä¶",Juver Quintanilla,VIRGINIA USA,2021-06-18 22:32:01,0,12
4,"RT @plataforma_sv: Hoy en #Plataforma, nuestra panelista @TahnyaPS hablar√° del caso de #Chalchuapa, espec√≠ficamente de la nota period√≠stica‚Ä¶",TVX,El Salvador,2021-06-18 22:20:12,0,12
5,"RT @plataforma_sv: Hoy en #Plataforma, nuestra panelista @TahnyaPS hablar√° del caso de #Chalchuapa, espec√≠ficamente de la nota period√≠stica‚Ä¶",estela flores,,2021-06-18 22:10:56,0,12
6,RT @Millicom: Seamos la primera l√≠nea de defensa contra el ciberacoso: un blog del Vicepresidente Ejecutivo de Relaciones Externas de @Mill‚Ä¶,Klapiroflo.,Bgt√†.Colombia,2021-06-18 22:06:50,0,7
7,"RT @plataforma_sv: Hoy en #Plataforma, nuestra panelista @TahnyaPS hablar√° del caso de #Chalchuapa, espec√≠ficamente de la nota period√≠stica‚Ä¶",Elchelito,"San Salvador, El Salvador",2021-06-18 21:52:04,0,12
8,"RT @plataforma_sv: Hoy en #Plataforma, nuestra panelista @TahnyaPS hablar√° del caso de #Chalchuapa, espec√≠ficamente de la nota period√≠stica‚Ä¶",Tahnya Pastor,"San Salvador, El Salvador",2021-06-18 21:51:30,0,12
9,"Hoy en #Plataforma, nuestra panelista @TahnyaPS hablar√° del caso de #Chalchuapa, espec√≠ficamente de la nota period√≠stica publicada por un medio nacional, donde muchos consideran que existe censura a la libertad de prensa.  

Hoy 7:00 P.M. l 23 #ClaroTV - #CableColor l 28 #Tigo https://t.co/Zb9AsjJCew",Plataforma,El Salvador,2021-06-18 21:44:18,66,12
10,RT @Millicom: Seamos la primera l√≠nea de defensa contra el ciberacoso: un blog del Vicepresidente Ejecutivo de Relaciones Externas de @Mill‚Ä¶,Eugenia Eunuco F Füñ§Mar√≠a MagdalenaEnigma hgghhjhg,,2021-06-18 20:54:15,0,7
11,"RT @TigoElSalvador: Estamos comprometidos en ayudar a los ni√±os, ni√±as y adolescentesüë¶üèªüßíüèª a explorar, aprender y crecer de forma segura a t‚Ä¶",Wewe Saravia,,2021-06-18 20:33:24,0,16
12,"Ma√±ana en #Remind, el mix√≥logo, Pira√±a Cerna se viene con un especial sobre Simply Red, un grupo musical brit√°nico de soul, pop y rhythm and blues.

#SimplyRed 
S√°bado 8:00 p.m. l retransmisi√≥n domingo 1:00 p.m. l 23 #ClaroTV - #CableColor l 28 #Tigo l https://t.co/Uf42Jm6BRJ https://t.co/mZwZxAFE09",TVX,El Salvador,2021-06-18 20:32:49,2,0
13,"RT @Millicom: Desde el 2016, hemos capacitado a m√°s de 480.000 ni√±os y adolescentes sobre los beneficios y riesgos del Internet a trav√©s de‚Ä¶",Mois√©s Guerrero,,2021-06-18 18:28:43,0,21
14,"RT @TigoElSalvador: Estamos comprometidos en ayudar a los ni√±os, ni√±as y adolescentesüë¶üèªüßíüèª a explorar, aprender y crecer de forma segura a t‚Ä¶",Mois√©s Guerrero,,2021-06-18 18:24:27,0,16
15,"RT @Millicom: Desde el 2016, hemos capacitado a m√°s de 480.000 ni√±os y adolescentes sobre los beneficios y riesgos del Internet a trav√©s de‚Ä¶",Emmanuel,San salvador,2021-06-18 18:00:45,0,21
16,"RT @TigoElSalvador: Estamos comprometidos en ayudar a los ni√±os, ni√±as y adolescentesüë¶üèªüßíüèª a explorar, aprender y crecer de forma segura a t‚Ä¶",Emmanuel,San salvador,2021-06-18 17:56:34,0,16
17,"RT @Millicom: Desde el 2016, hemos capacitado a m√°s de 480.000 ni√±os y adolescentes sobre los beneficios y riesgos del Internet a trav√©s de‚Ä¶",Claudia de Pereira,,2021-06-18 17:50:24,0,21
18,"RT @Millicom: Desde el 2016, hemos capacitado a m√°s de 480.000 ni√±os y adolescentes sobre los beneficios y riesgos del Internet a trav√©s de‚Ä¶",Steven Mira,,2021-06-18 17:38:12,0,21
19,RT @Millicom: Seamos la primera l√≠nea de defensa contra el ciberacoso: un blog del Vicepresidente Ejecutivo de Relaciones Externas de @Mill‚Ä¶,Vivian Kobeh,,2021-06-18 17:37:15,0,7
20,"RT @Millicom: Desde el 2016, hemos capacitado a m√°s de 480.000 ni√±os y adolescentes sobre los beneficios y riesgos del Internet a trav√©s de‚Ä¶",Tigo Honduras,,2021-06-18 17:36:05,0,21
21,"RT @TigoElSalvador: Estamos comprometidos en ayudar a los ni√±os, ni√±as y adolescentesüë¶üèªüßíüèª a explorar, aprender y crecer de forma segura a t‚Ä¶",Steven Mira,,2021-06-18 17:31:53,0,16
22,"RT @Millicom: Desde el 2016, hemos capacitado a m√°s de 480.000 ni√±os y adolescentes sobre los beneficios y riesgos del Internet a trav√©s de‚Ä¶",hect0rite,"Am√©rica (la Real, la completa)",2021-06-18 17:31:15,0,21
23,"RT @Millicom: Desde el 2016, hemos capacitado a m√°s de 480.000 ni√±os y adolescentes sobre los beneficios y riesgos del Internet a trav√©s de‚Ä¶",Tigo Nicaragua,Nicaragua,2021-06-18 17:28:10,0,21
24,"Seamos la primera l√≠nea de defensa contra el ciberacoso: un blog del Vicepresidente Ejecutivo de Relaciones Externas de @Millicom, @karimlesina.
Lee m√°s sobre el tema aqu√≠: https://t.co/4vATM4TBK3

#Millicom #Tigo #STOPCYBERBULLYINGDAY #Det√©nElCiberacoso
@UNICEF @CybersmileHQ https://t.co/pWPVhWLcaX",Millicom,,2021-06-18 17:25:39,106,7
25,"RT @TigoElSalvador: Estamos comprometidos en ayudar a los ni√±os, ni√±as y adolescentesüë¶üèªüßíüèª a explorar, aprender y crecer de forma segura a t‚Ä¶",LuzMaHenriSan,,2021-06-18 17:14:02,0,16
26,"RT @TigoElSalvador: Estamos comprometidos en ayudar a los ni√±os, ni√±as y adolescentesüë¶üèªüßíüèª a explorar, aprender y crecer de forma segura a t‚Ä¶",Gabo Ruiz,Bogota,2021-06-18 17:10:37,0,16
27,"RT @TigoElSalvador: Estamos comprometidos en ayudar a los ni√±os, ni√±as y adolescentesüë¶üèªüßíüèª a explorar, aprender y crecer de forma segura a t‚Ä¶",Conny Marisela,,2021-06-18 17:03:23,0,16
28,"RT @TigoElSalvador: Estamos comprometidos en ayudar a los ni√±os, ni√±as y adolescentesüë¶üèªüßíüèª a explorar, aprender y crecer de forma segura a t‚Ä¶",Oscar Aparicio,,2021-06-18 17:03:09,0,16
29,"RT @Millicom: Desde el 2016, hemos capacitado a m√°s de 480.000 ni√±os y adolescentes sobre los beneficios y riesgos del Internet a trav√©s de‚Ä¶",Leiva  „ÉÑ,El Salvador,2021-06-18 17:02:19,0,21
30,"RT @TigoElSalvador: Estamos comprometidos en ayudar a los ni√±os, ni√±as y adolescentesüë¶üèªüßíüèª a explorar, aprender y crecer de forma segura a t‚Ä¶",Leiva  „ÉÑ,El Salvador,2021-06-18 17:00:59,0,16
31,"RT @Millicom: Desde el 2016, hemos capacitado a m√°s de 480.000 ni√±os y adolescentes sobre los beneficios y riesgos del Internet a trav√©s de‚Ä¶",Daniel Ram√≠rez,"La Libertad, El Salvador",2021-06-18 16:53:50,0,21
32,"RT @Millicom: Desde el 2016, hemos capacitado a m√°s de 480.000 ni√±os y adolescentes sobre los beneficios y riesgos del Internet a trav√©s de‚Ä¶",Werner Dele√≥n,S.S.,2021-06-18 16:52:02,0,21
33,"RT @TigoElSalvador: Estamos comprometidos en ayudar a los ni√±os, ni√±as y adolescentesüë¶üèªüßíüèª a explorar, aprender y crecer de forma segura a t‚Ä¶",Werner Dele√≥n,S.S.,2021-06-18 16:51:30,0,16
34,"RT @Millicom: Desde el 2016, hemos capacitado a m√°s de 480.000 ni√±os y adolescentes sobre los beneficios y riesgos del Internet a trav√©s de‚Ä¶",Felipe Effio,,2021-06-18 16:45:18,0,21
35,Dice #tigo @TigoPanama que los t√©cnicos est√°n trabajando en el problema del √°rea‚Ä¶ PERO SI MUCHOS DE ELLOS EST√ÅN EN PROTESTA PORQUE NO LES DAN IMPLEMENTOS PARA SU PROTECCI√ìN‚Ä¶ DONDE EST√ÅN TRABAJANDO? Ni siquiera a sus colaboradores pueden atender correctamente @AlvaroAlvaradoC https://t.co/EAe3PpLTn9,YORYI CAMPOS,"√úT: 8.955228,-79.660488",2021-06-18 15:59:34,0,0
36,"Estamos comprometidos en ayudar a los ni√±os, ni√±as y adolescentesüë¶üèªüßíüèª a explorar, aprender y crecer de forma segura a trav√©s de las herramientas digitales.üì≤‚úÖ Conoce m√°s: https://t.co/LrSvbYsSBO

#AltoAlCiberAcoso #Tigo #Millicom https://t.co/j5Zj9MhfWi",Tigo El Salvador,El Salvador,2021-06-18 15:56:39,34,16
37,"RT @Millicom: Desde el 2016, hemos capacitado a m√°s de 480.000 ni√±os y adolescentes sobre los beneficios y riesgos del Internet a trav√©s de‚Ä¶",Eber Ure√±a Sr.,Arraij√°n,2021-06-18 15:47:18,0,21
38,"Desde el 2016, hemos capacitado a m√°s de 480.000 ni√±os y adolescentes sobre los beneficios y riesgos del Internet a trav√©s de nuestro programa COP, Con√©ctate Segur@.

Aprende m√°s: https://t.co/ZGv1tgAWFo

@UNICEF @CybersmileHQ
#Millicom #Tigo #StopCyberbullying https://t.co/AXSpAe3IVa",Millicom,,2021-06-18 15:46:33,41,21
39,@TigoPanama #Tigo sigue mintiendo y robando al pueblo paname√±o #alparecer,YORYI CAMPOS,"√úT: 8.955228,-79.660488",2021-06-18 15:39:07,0,0
40,Seg√∫n CAS #TIGO @TigoPanama EL DA√ëO EN EL √ÅREA PARECE TENER UN MES PORQUE HOY RESPONDEN LO MISMO QUE HACE UNA SEMANA AH√ç LES DEJO LOS SCREENSHOT PARA QUE VEAN LA CLASE DE MENTIRAS https://t.co/1pOTuYqYFI,YORYI CAMPOS,"√úT: 8.955228,-79.660488",2021-06-18 15:38:28,0,0
41,YA LE DIMOS A CAS #TIGO HASTA LAS 11AM PARA VENIR SOLUCIONAR EL BENDITO PROBLEMA DEL #INTERNET @TigoPanama CABLE Y TELEFON√çA Y DE NO RESOLVER NO CAMBIAMOS A @MasMovilPanama YA NO AGUANTAMOS M√ÅS ROBOS POR PARTE DE TIGO,YORYI CAMPOS,"√úT: 8.955228,-79.660488",2021-06-18 14:54:27,0,0
42,Mas falso que el 4g de #tigo,Elbarba,Paraguay,2021-06-18 14:41:29,0,0
43,#tigo son una mierda en el servicio,Dennis Gonzalez,San salvador,2021-06-18 03:23:40,0,0
